"professional_status","leads %"
"clt","0.6504251144538914"
"other","0.09002616088947024"
"businessman","0.07426422498364944"
"self_employed","0.07275997383911054"
"freelancer","0.05369522563767168"
"retired","0.04192282537606279"
"civil_servant","0.016873773708306082"
"student","3.2701111837802485e-05"
