"faixa_etaria","leads %"
"21 a 40","0.4879332897318509"
"41 a 60","0.3"
"61 a 80","0.18858731196860692"
"0 a 20","0.01935905820797907"
"80+","0.004120340091563113"
