"faixa_salarial","leads %","indexacao"
"0 a 5000","0.23855461085676913","1"
"5001 a 10000","0.6640614780902551","2"
"10001 a 15000","0.06487900588620013","3"
"15001 a 20000","0.018214519293655983","4"
"20001+","0.014290385873119687","5"
