"vehicle_age","visitas","indexacao"
"Até 2","0.037998691955526485","1"
"2 a 4","0.10775016350555919","2"
"4 a 6","0.18103335513407456","3"
"6 a 8","0.19630477436232832","4"
"8 a 10","0.24767822105951603","5"
"Mais que 10","0.22923479398299543","6"
